Tahun,TPT Jabar,TPAK Jabar,Jumlah Angkatan Kerja Jabar,Pendaftaran Pencari Kerja Jabar,Lowongan Kerja Terdaftar Jabar,Pemenuhan Tenaga Kerja Jabar,Laju Pertumbuhan Ekonomi Indonesia,Laju Pertumbuhan PDRB Jabar,Laju Pertumbuhan Penduduk Jabar,Laju Inflasi Indonesia,Laju Inflasi Bandung,APM Indonesia,IPM Jabar
1-Jan-86,9.84,51.98,946633.54,117801.38,16332.62,11886,2.08,6.79,2.57,8.84,10.07,5.62,67.18
1-Feb-86,9.33,51.97,1882490.08,122177.77,18430.23,13834,2.09,6.68,2.57,8.84,9.95,5.64,67.18
1-Mar-86,8.82,51.95,2818346.62,126554.15,20527.85,15782,2.1,6.56,2.57,8.85,9.83,5.65,67.18
1-Apr-86,8.32,51.94,3754203.15,130930.54,22625.46,17730,2.11,6.45,2.57,8.85,9.71,5.67,67.17
1-May-86,7.81,51.92,4690059.69,135306.92,24723.08,19678,2.13,6.34,2.57,8.86,9.59,5.68,67.17
1-Jun-86,7.3,51.91,5625916.23,139683.31,26820.69,21626,2.14,6.23,2.57,8.86,9.47,5.7,67.17
1-Jul-86,6.79,51.89,6561772.77,144059.69,28918.31,23574,2.15,6.11,2.57,8.87,9.35,5.72,67.16
1-Aug-86,6.28,51.88,7497629.31,148436.08,31015.92,25522,2.17,6,2.57,8.87,9.23,5.73,67.16
1-Sep-86,5.77,51.86,8433485.85,152812.46,33113.54,27470,2.18,5.89,2.57,8.88,9.11,5.75,67.16
1-Oct-86,5.27,51.85,9369342.38,157188.85,35211.15,29418,2.19,5.78,2.57,8.88,8.99,5.76,67.15
1-Nov-86,4.76,51.83,10305198.92,161565.23,37308.77,31366,2.21,5.66,2.57,8.89,8.87,5.78,67.15
1-Dec-86,4.25,51.82,11241055.46,165941.62,39406.38,33314,2.22,5.55,2.57,8.89,8.75,5.79,67.15
1-Jan-87,3.78,51.85,12242914.15,170266.08,42221.38,35321,2.24,5.72,2.57,8.64,8.31,5.82,67.14
1-Feb-87,3.82,51.89,12308916.31,170214.15,42938.77,35380,2.26,6,2.57,8.37,7.99,5.84,67.14
1-Mar-87,3.86,51.94,12374918.46,170162.23,43656.15,35439,2.27,6.29,2.57,8.11,7.68,5.86,67.13
1-Apr-87,3.89,51.98,12440920.62,170110.31,44373.54,35498,2.28,6.57,2.57,7.84,7.36,5.87,67.13
1-May-87,3.93,52.03,12506922.77,170058.38,45090.92,35557,2.3,6.85,2.57,7.58,7.04,5.89,67.13
1-Jun-87,3.97,52.08,12572924.92,170006.46,45808.31,35616,2.31,7.13,2.57,7.32,6.72,5.9,67.12
1-Jul-87,4.01,52.12,12638927.08,169954.54,46525.69,35675,2.32,7.42,2.57,7.05,6.41,5.92,67.12
1-Aug-87,4.05,52.17,12704929.23,169902.62,47243.08,35734,2.34,7.7,2.57,6.79,6.09,5.93,67.12
1-Sep-87,4.09,52.22,12770931.38,169850.69,47960.46,35793,2.35,7.98,2.57,6.53,5.77,5.95,67.11
1-Oct-87,4.12,52.26,12836933.54,169798.77,48677.85,35852,2.36,8.26,2.57,6.26,5.45,5.96,67.11
1-Nov-87,4.16,52.31,12902935.69,169746.85,49395.23,35911,2.38,8.55,2.57,6,5.14,5.98,67.11
1-Dec-87,4.2,52.35,12968937.85,169694.92,50112.62,35970,2.39,8.83,2.57,5.73,4.82,6,67.1
1-Jan-88,4.23,52.3,13003706.15,174024.23,51360,37068.38,2.41,9.08,2.57,5.51,4.54,6.03,67.1
1-Feb-88,4.22,52.2,12972472.31,178405.46,51890,38107.77,2.43,9.05,2.57,5.55,4.59,6.04,67.1
1-Mar-88,4.21,52.1,12941238.46,182786.69,52420,39147.15,2.44,9.02,2.57,5.59,4.63,6.06,67.09
1-Apr-88,4.19,52,12910004.62,187167.92,52950,40186.54,2.45,9,2.57,5.62,4.68,6.07,67.09
1-May-88,4.18,51.9,12878770.77,191549.15,53480,41225.92,2.47,8.97,2.57,5.66,4.72,6.09,67.09
1-Jun-88,4.17,51.8,12847536.92,195930.38,54010,42265.31,2.48,8.94,2.57,5.7,4.76,6.1,67.08
1-Jul-88,4.16,51.7,12816303.08,200311.62,54540,43304.69,2.49,8.91,2.57,5.74,4.81,6.12,67.08
1-Aug-88,4.15,51.6,12785069.23,204692.85,55070,44344.08,2.51,8.88,2.57,5.78,4.85,6.14,67.08
1-Sep-88,4.14,51.5,12753835.38,209074.08,55600,45383.46,2.52,8.85,2.57,5.82,4.89,6.15,67.07
1-Oct-88,4.12,51.4,12722601.54,213455.31,56130,46422.85,2.53,8.83,2.57,5.85,4.94,6.17,67.07
1-Nov-88,4.11,51.3,12691367.69,217836.54,56660,47462.23,2.55,8.8,2.57,5.89,4.98,6.18,67.07
1-Dec-88,4.1,51.2,12660133.85,222217.77,57190,48501.62,2.56,8.77,2.57,5.93,5.03,6.2,67.06
1-Jan-89,4.02,51.14,12669154.08,226724.54,58396.85,49234.46,2.58,8.76,2.54,6.24,5.42,6.23,67.06
1-Feb-89,3.96,51.18,12709408.15,226850.08,59073.69,48927.92,2.6,8.77,2.52,6.52,5.78,6.24,67.05
1-Mar-89,3.89,51.22,12749662.23,226975.62,59750.54,48621.38,2.61,8.79,2.49,6.79,6.13,6.26,67.05
1-Apr-89,3.83,51.25,12789916.31,227101.15,60427.38,48314.85,2.62,8.8,2.47,7.07,6.49,6.28,67.05
1-May-89,3.76,51.29,12830170.38,227226.69,61104.23,48008.31,2.64,8.82,2.44,7.34,6.84,6.29,67.04
1-Jun-89,3.69,51.33,12870424.46,227352.23,61781.08,47701.77,2.65,8.84,2.42,7.61,7.19,6.31,67.04
1-Jul-89,3.63,51.37,12910678.54,227477.77,62457.92,47395.23,2.66,8.85,2.39,7.89,7.55,6.32,67.04
1-Aug-89,3.56,51.41,12950932.62,227603.31,63134.77,47088.69,2.68,8.87,2.37,8.16,7.9,6.34,67.03
1-Sep-89,3.49,51.45,12991186.69,227728.85,63811.62,46782.15,2.69,8.89,2.34,8.43,8.25,6.35,67.03
1-Oct-89,3.43,51.48,13031440.77,227854.38,64488.46,46475.62,2.7,8.9,2.32,8.71,8.61,6.37,67.03
1-Nov-89,3.36,51.52,13071694.85,227979.92,65165.31,46169.08,2.72,8.92,2.29,8.98,8.96,6.38,67.02
1-Dec-89,3.3,51.56,13111948.92,228105.46,65842.15,45862.54,2.73,8.93,2.27,9.26,9.32,6.4,67.02
1-Jan-90,3.28,51.57,13201278.38,231215.38,66814.77,47302.23,2.75,8.84,2.24,9.53,9.64,6.43,67.01
1-Feb-90,3.33,51.54,13250353.77,234199.77,67110.54,49048.46,2.77,8.74,2.24,9.53,9.61,6.45,67.01
1-Mar-90,3.39,51.51,13299429.15,237184.15,67406.31,50794.69,2.78,8.63,2.24,9.53,9.58,6.46,67.01
1-Apr-90,3.44,51.48,13348504.54,240168.54,67702.08,52540.92,2.79,8.52,2.24,9.53,9.55,6.48,67
1-May-90,3.49,51.45,13397579.92,243152.92,67997.85,54287.15,2.81,8.42,2.24,9.53,9.52,6.49,67
1-Jun-90,3.54,51.42,13446655.31,246137.31,68293.62,56033.38,2.82,8.31,2.24,9.53,9.49,6.51,67
1-Jul-90,3.6,51.38,13495730.69,249121.69,68589.38,57779.62,2.83,8.2,2.24,9.52,9.47,6.52,66.99
1-Aug-90,3.65,51.35,13544806.08,252106.08,68885.15,59525.85,2.85,8.09,2.24,9.52,9.44,6.54,66.99
1-Sep-90,3.7,51.32,13593881.46,255090.46,69180.92,61272.08,2.86,7.99,2.24,9.52,9.41,6.56,66.99
1-Oct-90,3.75,51.29,13642956.85,258074.85,69476.69,63018.31,2.87,7.88,2.24,9.52,9.38,6.57,66.99
1-Nov-90,3.81,51.26,13692032.23,261059.23,69772.46,64764.54,2.88,7.77,2.24,9.52,9.35,6.59,66.98
1-Dec-90,3.86,51.23,13741107.62,264043.62,70068.23,66510.77,2.9,7.67,2.24,9.52,9.32,6.6,66.98
1-Jan-91,3.89,51.25,13839231.85,267041.3,71326.39,69272.92,2.92,7.57,2.24,9.17,8.92,6.63,66.97
1-Feb-91,3.87,51.31,13888280.69,267054.61,72288.77,70288.84,2.94,7.58,2.24,8.82,8.55,6.65,66.97
1-Mar-91,3.84,51.36,13937329.54,267067.91,73251.16,71304.76,2.95,7.59,2.24,8.46,8.19,6.66,66.97
1-Apr-91,3.82,51.42,13986378.38,267081.21,74213.54,72320.68,2.96,7.59,2.24,8.11,7.82,6.68,66.96
1-May-91,3.8,51.47,14035427.23,267094.52,75175.93,73336.61,2.98,7.6,2.24,7.76,7.45,6.7,66.96
1-Jun-91,3.78,51.52,14084476.08,267107.82,76138.31,74352.53,2.99,7.61,2.24,7.41,7.08,6.71,66.96
1-Jul-91,3.75,51.58,14133524.92,267121.12,77100.7,75368.45,3,7.62,2.24,7.05,6.72,6.73,66.95
1-Aug-91,3.73,51.63,14182573.77,267134.43,78063.08,76384.37,3.02,7.63,2.24,6.7,6.35,6.74,66.95
1-Sep-91,3.71,51.68,14231622.62,267147.73,79025.47,77400.29,3.03,7.64,2.24,6.35,5.98,6.76,66.95
1-Oct-91,3.69,51.74,14280671.46,267161.03,79987.85,78416.21,3.04,7.64,2.24,6,5.61,6.77,66.94
1-Nov-91,3.66,51.79,14329720.31,267174.34,80950.24,79432.13,3.05,7.65,2.24,5.64,5.25,6.79,66.94
1-Dec-91,3.64,51.85,14378769.15,267187.64,81912.62,80448.05,3.07,7.66,2.24,5.29,4.88,6.8,66.94
1-Jan-92,3.64,51.81,14428603.77,267214.26,83837.39,82479.9,3.09,7.72,2.24,5.31,4.91,6.84,66.93
1-Feb-92,3.65,51.72,14429389.54,267227.57,84799.78,83495.82,3.11,7.77,2.24,5.68,5.32,6.85,66.93
1-Mar-92,3.67,51.62,14430175.31,267240.88,85762.16,84511.75,3.12,7.81,2.24,6.05,5.72,6.87,66.92
1-Apr-92,3.68,51.53,14430961.08,267254.19,86724.54,85527.67,3.13,7.86,2.24,6.43,6.13,6.88,66.92
1-May-92,3.7,51.44,14431746.85,267267.5,87686.93,86543.6,3.15,7.91,2.24,6.8,6.53,6.9,66.92
1-Jun-92,3.71,51.35,14432532.62,267280.82,88649.31,87559.52,3.16,7.96,2.24,7.17,6.93,6.91,66.91
1-Jul-92,3.73,51.25,14433318.38,267294.13,89611.7,88575.45,3.17,8.01,2.24,7.54,7.34,6.93,66.91
1-Aug-92,3.74,51.16,14434104.15,267307.44,90574.08,89591.37,3.19,8.06,2.24,7.91,7.74,6.94,66.91
1-Sep-92,3.76,51.07,14434889.92,267320.75,91536.46,90607.3,3.2,8.1,2.24,8.28,8.14,6.96,66.9
1-Oct-92,3.77,50.98,14435675.69,267334.06,92498.85,91623.22,3.21,8.15,2.24,8.66,8.55,6.98,66.9
1-Nov-92,3.79,50.88,14436461.46,267347.38,93461.23,92639.15,3.22,8.2,2.24,9.03,8.95,6.99,66.9
1-Dec-92,3.8,50.79,14437247.23,267360.69,94423.62,93655.07,3.24,8.25,2.24,9.4,9.36,7.01,66.89
1-Jan-93,3.98,50.79,14509739.77,265790.82,96354.77,95306.73,3.26,8.2,2.24,9.73,9.73,7.09,66.89
1-Feb-93,4.14,50.88,14581446.54,264207.63,97323.54,95942.46,3.28,8.1,2.24,9.69,9.69,7.16,66.88
1-Mar-93,4.29,50.98,14653153.31,262624.45,98292.31,96578.2,3.29,8.01,2.24,9.65,9.66,7.23,66.88
1-Apr-93,4.45,51.07,14724860.08,261041.27,99261.08,97213.93,3.3,7.91,2.24,9.61,9.63,7.3,66.88
1-May-93,4.61,51.16,14796566.86,259458.08,100229.85,97849.66,3.32,7.81,2.24,9.57,9.59,7.37,66.88
1-Jun-93,4.77,51.25,14868273.63,257874.9,101198.62,98485.39,3.33,7.72,2.24,9.53,9.56,7.44,66.87
1-Jul-93,4.92,51.35,14939980.4,256291.72,102167.39,99121.12,3.34,7.62,2.24,9.48,9.53,7.51,66.87
1-Aug-93,5.08,51.44,15011687.17,254708.53,103136.16,99756.85,3.35,7.52,2.24,9.44,9.5,7.57,66.87
1-Sep-93,5.24,51.53,15083393.94,253125.35,104104.93,100392.59,3.37,7.43,2.24,9.4,9.46,7.64,66.86
1-Oct-93,5.4,51.62,15155100.71,251542.17,105073.7,101028.32,3.38,7.33,2.24,9.36,9.43,7.71,66.86
1-Nov-93,5.55,51.72,15226807.48,249958.98,106042.47,101664.05,3.39,7.23,2.24,9.32,9.4,7.78,66.86
1-Dec-93,5.71,51.81,15298514.25,248375.8,107011.24,102299.78,3.41,7.14,2.24,9.28,9.36,7.85,66.85
1-Jan-94,5.93,51.95,15441927.79,245209.41,108948.78,103571.24,3.43,7.14,2.24,9.03,9.12,7.9,66.95
1-Feb-94,6,51.99,15513634.56,243626.21,109917.55,104206.97,3.45,7.24,2.24,8.81,8.9,7.88,67.06
1-Mar-94,6.06,52.04,15585341.33,242043.01,110886.31,104842.7,3.46,7.34,2.24,8.6,8.69,7.86,67.16
1-Apr-94,6.13,52.08,15657048.09,240459.81,111855.08,105478.43,3.47,7.44,2.24,8.39,8.47,7.85,67.26
1-May-94,6.19,52.13,15728754.86,238876.61,112823.85,106114.16,3.49,7.54,2.24,8.17,8.26,7.83,67.37
1-Jun-94,6.26,52.18,15800461.63,237293.41,113792.62,106749.89,3.5,7.64,2.24,7.96,8.04,7.81,67.47
1-Jul-94,6.32,52.22,15872168.4,235710.21,114761.39,107385.62,3.51,7.74,2.24,7.75,7.83,7.79,67.58
1-Aug-94,6.39,52.27,15943875.16,234127.01,115730.16,108021.35,3.52,7.84,2.24,7.54,7.61,7.77,67.68
1-Sep-94,6.45,52.32,16015581.93,232543.8,116698.93,108657.08,3.54,7.94,2.24,7.32,7.4,7.75,67.78
1-Oct-94,6.52,52.36,16087288.7,230960.6,117667.69,109292.81,3.55,8.04,2.24,7.11,7.18,7.74,67.89
1-Nov-94,6.58,52.41,16158995.47,229377.4,118636.46,109928.54,3.56,8.14,2.24,6.9,6.97,7.72,67.99
1-Dec-94,6.65,52.45,16230702.23,227794.2,119605.23,110564.27,3.58,8.24,2.24,6.68,6.75,7.7,68.1
1-Jan-96,6.69,53.02,16308378.31,233782.85,121356.31,111492.08,3.6,8.09,2.24,6.82,6.8,7.68,68.09
1-Feb-96,6.67,53.53,16314347.62,241354.69,122138.62,111784.15,3.62,7.84,2.24,7.17,7.06,7.68,67.98
1-Mar-96,6.64,54.05,16320316.92,248926.54,122920.92,112076.23,3.63,7.58,2.24,7.53,7.33,7.68,67.87
1-Apr-96,6.62,54.56,16326286.23,256498.38,123703.23,112368.31,3.64,7.33,2.24,7.88,7.59,7.68,67.76
1-May-96,6.6,55.08,16332255.54,264070.23,124485.54,112660.38,3.66,7.08,2.24,8.23,7.85,7.68,67.65
1-Jun-96,6.58,55.59,16338224.85,271642.08,125267.85,112952.46,3.67,6.83,2.24,8.58,8.11,7.68,67.54
1-Jul-96,6.55,56.11,16344194.15,279213.92,126050.15,113244.54,3.68,6.57,2.24,8.94,8.38,7.68,67.43
1-Aug-96,6.53,56.62,16350163.46,286785.77,126832.46,113536.62,3.69,6.32,2.24,9.29,8.64,7.68,67.32
1-Sep-96,6.51,57.14,16356132.77,294357.62,127614.77,113828.69,3.71,6.07,2.24,9.64,8.9,7.68,67.21
1-Oct-96,6.49,57.65,16362102.08,301929.46,128397.08,114120.77,3.72,5.82,2.24,9.99,9.16,7.68,67.1
1-Nov-96,6.46,58.17,16368071.38,309501.31,129179.38,114412.85,3.73,5.56,2.24,10.35,9.43,7.68,66.99
1-Dec-96,6.44,58.68,16374040.69,317073.15,129961.69,114704.92,3.75,5.31,2.24,10.7,9.69,7.68,66.88
1-Jan-97,6.52,59.29,16422006.85,318382.15,129810.69,113896.08,3.77,3.23,2.24,16.17,14.77,7.71,66.76
1-Feb-97,6.62,59.38,16464003.69,312119.31,128877.38,112795.15,3.79,1.4,2.24,21.29,19.59,7.74,66.76
1-Mar-97,6.71,59.48,16506000.54,305856.46,127944.08,111694.23,3.8,-0.43,2.24,26.41,24.41,7.76,66.76
1-Apr-97,6.81,59.57,16547997.38,299593.62,127010.77,110593.31,3.81,-2.26,2.24,31.54,29.22,7.79,66.75
1-May-97,6.91,59.66,16589994.23,293330.77,126077.46,109492.38,3.82,-4.09,2.24,36.66,34.04,7.82,66.75
1-Jun-97,7.01,59.75,16631991.08,287067.92,125144.15,108391.46,3.84,-5.92,2.24,41.78,38.86,7.85,66.75
1-Jul-97,7.1,59.85,16673987.92,280805.08,124210.85,107290.54,3.85,-7.76,2.24,46.9,43.68,7.87,66.74
1-Aug-97,7.2,59.94,16715984.77,274542.23,123277.54,106189.62,3.86,-9.59,2.24,52.02,48.5,7.9,66.74
1-Sep-97,7.3,60.03,16757981.62,268279.38,122344.23,105088.69,3.88,-11.42,2.24,57.14,53.32,7.93,66.74
1-Oct-97,7.4,60.12,16799978.46,262016.54,121410.92,103987.77,3.89,-13.25,2.24,62.27,58.13,7.96,66.73
1-Nov-97,7.49,60.22,16841975.31,255753.69,120477.62,102886.85,3.9,-15.08,2.24,67.39,62.95,7.98,66.73
1-Dec-97,7.59,60.31,16883972.15,249490.85,119544.31,101785.92,3.92,-16.91,2.24,72.51,67.77,8.01,66.73
1-Jan-98,7.85,60.52,17004387.54,244760.8,116780.96,98953.42,3.91,-18.16,2.24,71.81,67.34,8.05,66.56
1-Feb-98,8.02,60.63,17082806.08,246293.6,114950.92,97221.84,3.89,-17.58,2.24,66,62.08,8.07,66.4
1-Mar-98,8.18,60.75,17161224.62,247826.4,113120.87,95490.26,3.87,-17,2.24,60.18,56.83,8.08,66.23
1-Apr-98,8.35,60.86,17239643.15,249359.2,111290.83,93758.68,3.85,-16.42,2.24,54.36,51.57,8.1,66.07
1-May-98,8.51,60.98,17318061.69,250892,109460.79,92027.1,3.83,-15.84,2.24,48.55,46.32,8.11,65.91
1-Jun-98,8.68,61.1,17396480.23,252424.8,107630.75,90295.52,3.8,-15.26,2.24,42.73,41.07,8.13,65.74
1-Jul-98,8.84,61.21,17474898.77,253957.6,105800.7,88563.93,3.78,-14.69,2.24,36.91,35.81,8.14,65.58
1-Aug-98,9.01,61.33,17553317.31,255490.4,103970.66,86832.35,3.76,-14.11,2.24,31.09,30.56,8.16,65.42
1-Sep-98,9.17,61.45,17631735.85,257023.2,102140.62,85100.77,3.74,-13.53,2.24,25.28,25.31,8.17,65.25
1-Oct-98,9.34,61.56,17710154.38,258556,100310.58,83369.19,3.72,-12.95,2.24,19.46,20.05,8.19,65.09
1-Nov-98,9.5,61.68,17788572.92,260088.8,98480.53,81637.61,3.7,-12.37,2.24,13.64,14.8,8.2,64.93
1-Dec-98,9.67,61.79,17866991.46,261621.6,96650.49,79906.03,3.68,-11.79,2.24,7.83,9.54,8.22,64.76
1-Jan-99,9.77,62.42,17911149.97,264687.22,92990.41,76442.88,3.76,-9.98,2.24,2.58,4.62,8.21,64.76
1-Feb-99,9.7,62.93,17876889.94,266220.03,91160.38,74711.3,3.85,-8.75,2.24,3.15,4.94,8.19,64.91
1-Mar-99,9.64,63.44,17842629.91,267752.85,89330.35,72979.73,3.95,-7.53,2.24,3.72,5.27,8.17,65.07
1-Apr-99,9.57,63.95,17808369.88,269285.66,87500.31,71248.16,4.04,-6.3,2.24,4.28,5.59,8.14,65.23
1-May-99,9.51,64.46,17774109.85,270818.48,85670.28,69516.58,4.14,-5.07,2.24,4.85,5.92,8.12,65.38
1-Jun-99,9.44,64.97,17739849.82,272351.29,83840.24,67785.01,4.23,-3.84,2.24,5.42,6.24,8.1,65.54
1-Jul-99,9.38,65.48,17705589.79,273884.11,82010.21,66053.44,4.33,-2.62,2.24,5.99,6.57,8.08,65.7
1-Aug-99,9.31,65.99,17671329.76,275416.92,80180.17,64321.87,4.42,-1.39,2.24,6.56,6.89,8.06,65.85
1-Sep-99,9.25,66.5,17637069.73,276949.74,78350.14,62590.29,4.52,-0.16,2.24,7.13,7.22,8.04,66.01
1-Oct-99,9.18,67.01,17602809.7,278482.55,76520.1,60858.72,4.61,1.07,2.24,7.69,7.54,8.01,66.17
1-Nov-99,9.12,67.52,17568549.67,280015.37,74690.07,59127.15,4.71,2.29,2.24,8.26,7.87,7.99,66.33
1-Dec-99,9.05,68.03,17534289.64,281548.18,72860.03,57395.57,4.8,3.52,2.24,8.83,8.19,7.97,66.48
1-Jan-00,9.2,68.59,17465769.62,263257.31,66165.38,51727.08,4.8,4.82,2.21,9.65,8.76,7.95,66.64
1-Feb-00,9.42,68.64,17431509.62,243433.62,61300.77,47790.15,4.7,4.9,2.19,9.89,9,7.96,66.63
1-Mar-00,9.63,68.69,17397249.63,223609.92,56436.15,43853.23,4.6,4.97,2.16,10.14,9.23,7.96,66.63
1-Apr-00,9.85,68.74,17362989.64,203786.23,51571.54,39916.31,4.5,5.05,2.14,10.38,9.47,7.96,66.63
1-May-00,10.06,68.79,17328729.65,183962.54,46706.92,35979.38,4.4,5.12,2.11,10.63,9.71,7.97,66.62
1-Jun-00,10.27,68.84,17294469.66,164138.85,41842.31,32042.46,4.3,5.19,2.08,10.88,9.95,7.97,66.62
1-Jul-00,10.49,68.9,17260209.66,144315.15,36977.69,28105.54,4.2,5.27,2.06,11.12,10.18,7.97,66.62
1-Aug-00,10.7,68.95,17225949.67,124491.46,32113.08,24168.62,4.1,5.34,2.03,11.37,10.42,7.97,66.61
1-Sep-00,10.91,69,17191689.68,104667.77,27248.46,20231.69,4,5.41,2,11.62,10.66,7.98,66.61
1-Oct-00,11.13,69.05,17157429.69,84844.08,22383.85,16294.77,3.9,5.49,1.98,11.86,10.9,7.98,66.61
1-Nov-00,11.34,69.1,17123169.7,65020.38,17519.23,12357.85,3.8,5.56,1.95,12.11,11.13,7.98,66.6
1-Dec-00,11.56,69.15,17088909.7,45196.69,12654.62,8420.92,3.7,5.64,1.93,12.35,11.37,7.99,66.6
1-Jan-01,11.88,68.75,17020389.73,25807.77,7563.38,4345.92,3.67,5.6,1.9,12.4,11.64,8,66.54
1-Feb-01,11.99,68.3,16986129.76,26242.54,7336.77,4207.85,3.74,5.48,1.9,12.2,11.67,8.01,66.47
1-Mar-01,12.1,67.85,16951869.78,26677.31,7110.15,4069.77,3.81,5.37,1.9,12,11.69,8.01,66.41
1-Apr-01,12.21,67.39,16917609.8,27112.08,6883.54,3931.69,3.88,5.25,1.9,11.8,11.72,8.02,66.35
1-May-01,12.32,66.94,16883349.82,27546.85,6656.92,3793.62,3.95,5.14,1.9,11.6,11.75,8.03,66.29
1-Jun-01,12.43,66.49,16849089.84,27981.62,6430.31,3655.54,4.02,5.02,1.9,11.4,11.78,8.04,66.23
1-Jul-01,12.53,66.04,16814829.87,28416.38,6203.69,3517.46,4.08,4.91,1.9,11.2,11.8,8.04,66.17
1-Aug-01,12.64,65.59,16780569.89,28851.15,5977.08,3379.38,4.15,4.79,1.9,11,11.83,8.05,66.11
1-Sep-01,12.75,65.14,16746309.91,29285.92,5750.46,3241.31,4.22,4.68,1.9,10.8,11.86,8.06,66.05
1-Oct-01,12.86,64.68,16712049.93,29720.69,5523.85,3103.23,4.29,4.56,1.9,10.6,11.89,8.07,65.98
1-Nov-01,12.97,64.23,16677789.96,30155.46,5297.23,2965.15,4.36,4.45,1.9,10.4,11.91,8.07,65.92
1-Dec-01,13.08,63.78,16643529.98,30590.23,5070.62,2827.08,4.43,4.33,1.9,10.2,11.94,8.08,65.86
1-Jan-02,13.14,63.1,16568742.85,29178.77,4552.46,2723.23,4.52,4.29,1.9,9.62,11.49,8.13,65.94
1-Feb-02,13.08,62.87,16528215.69,27332.54,4260.92,2757.46,4.55,4.36,1.9,9.25,11,8.16,66.08
1-Mar-02,13.03,62.64,16487688.54,25486.31,3969.38,2791.69,4.57,4.43,1.9,8.87,10.52,8.2,66.23
1-Apr-02,12.97,62.42,16447161.38,23640.08,3677.85,2825.92,4.59,4.5,1.9,8.49,10.04,8.23,66.37
1-May-02,12.92,62.19,16406634.23,21793.85,3386.31,2860.15,4.62,4.57,1.9,8.12,9.55,8.27,66.51
1-Jun-02,12.87,61.96,16366107.08,19947.62,3094.77,2894.38,4.64,4.64,1.9,7.74,9.07,8.3,66.65
1-Jul-02,12.81,61.73,16325579.92,18101.38,2803.23,2928.62,4.66,4.71,1.9,7.36,8.59,8.34,66.79
1-Aug-02,12.76,61.5,16285052.77,16255.15,2511.69,2962.85,4.68,4.78,1.9,6.98,8.11,8.37,66.94
1-Sep-02,12.71,61.27,16244525.62,14408.92,2220.15,2997.08,4.71,4.85,1.9,6.61,7.62,8.41,67.08
1-Oct-02,12.65,61.05,16203998.46,12562.69,1928.62,3031.31,4.73,4.92,1.9,6.23,7.14,8.44,67.22
1-Nov-02,12.6,60.82,16163471.31,10716.46,1637.08,3065.54,4.75,4.99,1.9,5.85,6.66,8.48,67.36
1-Dec-02,12.54,60.59,16122944.15,8870.23,1345.54,3099.77,4.78,5.06,1.9,5.48,6.17,8.51,67.5
1-Jan-03,12.58,60.52,16139718,8681.36,1933.73,3592.59,4.82,5.16,1.9,5.2,5.83,8.55,67.76
1-Feb-03,12.67,60.68,16197019,10338.72,2813.46,4051.17,4.83,5.18,1.9,5.3,5.98,8.55,67.87
1-Mar-03,12.77,60.84,16254320,11996.07,3693.19,4509.76,4.85,5.21,1.9,5.4,6.12,8.55,67.98
1-Apr-03,12.86,61,16311621,13653.43,4572.93,4968.34,4.86,5.24,1.9,5.5,6.27,8.56,68.09
1-May-03,12.95,61.16,16368922,15310.79,5452.66,5426.93,4.88,5.26,1.9,5.6,6.41,8.56,68.21
1-Jun-03,13.04,61.32,16426223,16968.15,6332.39,5885.51,4.89,5.29,1.9,5.7,6.55,8.56,68.32
1-Jul-03,13.14,61.49,16483524,18625.51,7212.12,6344.1,4.91,5.32,1.9,5.8,6.7,8.56,68.43
1-Aug-03,13.23,61.65,16540825,20282.86,8091.85,6802.68,4.92,5.35,1.9,5.9,6.84,8.56,68.54
1-Sep-03,13.32,61.81,16598126,21940.22,8971.58,7261.27,4.94,5.37,1.9,6,6.98,8.56,68.65
1-Oct-03,13.41,61.97,16655427,23597.58,9851.32,7719.86,4.95,5.4,1.9,6.1,7.13,8.57,68.76
1-Nov-03,13.51,62.13,16712728,25254.94,10731.05,8178.44,4.97,5.43,1.9,6.2,7.27,8.57,68.88
1-Dec-03,13.6,62.29,16770029,26912.29,11610.78,8637.03,4.98,5.45,1.9,6.3,7.42,8.57,68.99
1-Jan-04,13.8,62.48,16852695.62,30226.99,13370.24,9554.18,5.05,5.54,1.9,7.22,8.48,8.58,69.16
1-Feb-04,13.91,62.52,16878061.23,31884.32,14249.97,10012.75,5.11,5.6,1.9,8.05,9.41,8.59,69.23
1-Mar-04,14.02,62.55,16903426.85,33541.66,15129.7,10471.32,5.16,5.65,1.9,8.87,10.33,8.6,69.29
1-Apr-04,14.13,62.58,16928792.46,35198.99,16009.43,10929.89,5.22,5.71,1.9,9.69,11.26,8.61,69.36
1-May-04,14.24,62.62,16954158.08,36856.32,16889.16,11388.45,5.27,5.77,1.9,10.52,12.18,8.62,69.42
1-Jun-04,14.35,62.65,16979523.69,38513.66,17768.89,11847.02,5.32,5.83,1.9,11.34,13.11,8.63,69.48
1-Jul-04,14.47,62.68,17004889.31,40170.99,18648.62,12305.59,5.38,5.88,1.9,12.16,14.03,8.65,69.55
1-Aug-04,14.58,62.71,17030254.92,41828.33,19528.35,12764.16,5.43,5.94,1.9,12.98,14.96,8.66,69.61
1-Sep-04,14.69,62.75,17055620.54,43485.66,20408.08,13222.73,5.48,6,1.9,13.81,15.88,8.67,69.67
1-Oct-04,14.8,62.78,17080986.15,45143,21287.81,13681.3,5.54,6.06,1.9,14.63,16.81,8.68,69.74
1-Nov-04,14.91,62.81,17106351.77,46800.33,22167.54,14139.86,5.59,6.11,1.9,15.45,17.73,8.69,69.8
1-Dec-04,15.02,62.85,17131717.38,48457.67,23047.27,14598.43,5.65,6.17,1.9,16.28,18.66,8.7,69.87
1-Jan-05,15.08,62.78,17188007.62,58502.15,24196.46,18912.54,5.68,6.24,1.9,16.29,18.48,8.72,69.96
1-Feb-05,15.04,62.69,17218932.23,66889.31,24465.92,22768.08,5.67,6.24,1.9,15.48,17.39,8.73,69.99
1-Mar-05,15,62.59,17249856.85,75276.46,24735.38,26623.62,5.65,6.25,1.9,14.68,16.29,8.75,70.02
1-Apr-05,14.95,62.49,17280781.46,83663.62,25004.85,30479.15,5.64,6.25,1.9,13.87,15.2,8.76,70.05
1-May-05,14.9,62.4,17311706.08,92050.77,25274.31,34334.69,5.62,6.26,1.9,13.06,14.1,8.77,70.08
1-Jun-05,14.86,62.3,17342630.69,100437.92,25543.77,38190.23,5.61,6.27,1.9,12.25,13,8.78,70.11
1-Jul-05,14.82,62.2,17373555.31,108825.08,25813.23,42045.77,5.59,6.27,1.9,11.45,11.91,8.8,70.14
1-Aug-05,14.77,62.1,17404479.92,117212.23,26082.69,45901.31,5.58,6.28,1.9,10.64,10.81,8.81,70.17
1-Sep-05,14.72,62.01,17435404.54,125599.38,26352.15,49756.85,5.56,6.29,1.9,9.83,9.71,8.82,70.2
1-Oct-05,14.68,61.91,17466329.15,133986.54,26621.62,53612.38,5.55,6.29,1.9,9.02,8.62,8.83,70.23
1-Nov-05,14.64,61.81,17497253.77,142373.69,26891.08,57467.92,5.53,6.3,1.9,8.22,7.52,8.85,70.26
1-Dec-05,14.59,61.72,17528178.38,150760.85,27160.54,61323.46,5.52,6.3,1.9,7.41,6.43,8.86,70.29
1-Jan-06,14.49,61.62,17611482.46,148709.15,26863.77,60945,5.56,6.35,1.9,6.6,5.32,8.93,70.35
1-Feb-06,14.43,61.62,17663861.92,138270.31,26297.54,56711,5.62,6.39,1.9,6.6,5.32,8.99,70.38
1-Mar-06,14.37,61.62,17716241.38,127831.46,25731.31,52477,5.68,6.44,1.9,6.6,5.31,9.05,70.41
1-Apr-06,14.31,61.62,17768620.85,117392.62,25165.08,48243,5.75,6.48,1.9,6.6,5.31,9.11,70.44
1-May-06,14.26,61.62,17821000.31,106953.77,24598.85,44009,5.81,6.52,1.9,6.6,5.3,9.17,70.47
1-Jun-06,14.2,61.62,17873379.77,96514.92,24032.62,39775,5.87,6.56,1.9,6.6,5.29,9.23,70.5
1-Jul-06,14.14,61.62,17925759.23,86076.08,23466.38,35541,5.93,6.61,1.9,6.6,5.29,9.28,70.53
1-Aug-06,14.08,61.62,17978138.69,75637.23,22900.15,31307,5.99,6.65,1.9,6.6,5.28,9.34,70.56
1-Sep-06,14.03,61.62,18030518.15,65198.38,22333.92,27073,6.05,6.69,1.9,6.6,5.27,9.4,70.59
1-Oct-06,13.97,61.62,18082897.62,54759.54,21767.69,22839,6.12,6.73,1.9,6.6,5.27,9.46,70.62
1-Nov-06,13.91,61.62,18135277.08,44320.69,21201.46,18605,6.18,6.78,1.9,6.6,5.26,9.52,70.65
1-Dec-06,13.85,61.62,18187656.54,33881.85,20635.23,14371,6.24,6.82,1.9,6.6,5.26,9.58,70.68
1-Jan-07,13.67,61.68,18278800.85,45632.08,39092.31,27304.62,6.28,6.82,1.9,6.95,5.63,9.67,70.74
1-Feb-07,13.55,61.75,18317565.69,67821.15,58115.62,44472.23,6.25,6.78,1.9,7.29,6.02,9.71,70.77
1-Mar-07,13.42,61.82,18356330.54,90010.23,77138.92,61639.85,6.23,6.74,1.9,7.64,6.4,9.74,70.8
1-Apr-07,13.3,61.88,18395095.38,112199.31,96162.23,78807.46,6.21,6.71,1.9,7.98,6.78,9.77,70.84
1-May-07,13.17,61.95,18433860.23,134388.38,115185.54,95975.08,6.18,6.67,1.9,8.33,7.17,9.81,70.87
1-Jun-07,13.05,62.02,18472625.08,156577.46,134208.85,113142.69,6.16,6.63,1.9,8.68,7.55,9.84,70.9
1-Jul-07,12.93,62.09,18511389.92,178766.54,153232.15,130310.31,6.14,6.59,1.9,9.02,7.93,9.87,70.93
1-Aug-07,12.8,62.15,18550154.77,200955.62,172255.46,147477.92,6.12,6.55,1.9,9.37,8.31,9.9,70.96
1-Sep-07,12.68,62.22,18588919.62,223144.69,191278.77,164645.54,6.09,6.51,1.9,9.72,8.7,9.94,70.99
1-Oct-07,12.55,62.29,18627684.46,245333.77,210302.08,181813.15,6.07,6.48,1.9,10.06,9.08,9.97,71.03
1-Nov-07,12.43,62.36,18666449.31,267522.85,229325.38,198980.77,6.05,6.44,1.9,10.41,9.46,10,71.06
1-Dec-07,12.3,62.42,18705214.15,289711.92,248348.69,216148.38,6.02,6.4,1.9,10.75,9.85,10.04,71.09
1-Jan-08,12.12,62.55,18762231.38,304718.17,260987.58,227724.75,5.89,6.19,1.9,10.46,9.61,10.09,71.16
1-Feb-08,12.06,62.6,18780483.77,297535.35,254603.16,222133.5,5.78,6.01,1.9,9.82,8.98,10.11,71.2
1-Mar-08,12,62.66,18798736.15,290352.52,248218.74,216542.24,5.68,5.84,1.9,9.18,8.36,10.12,71.24
1-Apr-08,11.94,62.72,18816988.54,283169.69,241834.31,210950.99,5.57,5.66,1.9,8.55,7.73,10.14,71.28
1-May-08,11.88,62.77,18835240.92,275986.86,235449.89,205359.74,5.46,5.49,1.9,7.91,7.11,10.16,71.32
1-Jun-08,11.82,62.83,18853493.31,268804.04,229065.47,199768.49,5.35,5.32,1.9,7.27,6.48,10.18,71.36
1-Jul-08,11.76,62.89,18871745.69,261621.21,222681.05,194177.24,5.25,5.14,1.9,6.63,5.86,10.19,71.4
1-Aug-08,11.7,62.94,18889998.08,254438.38,216296.63,188585.98,5.14,4.97,1.9,5.99,5.23,10.21,71.44
1-Sep-08,11.64,63,18908250.46,247255.56,209912.21,182994.73,5.03,4.8,1.9,5.35,4.61,10.23,71.48
1-Oct-08,11.58,63.06,18926502.85,240072.73,203527.79,177403.48,4.92,4.62,1.9,4.72,3.98,10.25,71.52
1-Nov-08,11.52,63.11,18944755.23,232889.9,197143.37,171812.23,4.82,4.45,1.9,4.08,3.36,10.26,71.56
1-Dec-08,11.46,63.17,18963007.62,225707.08,190758.94,166220.98,4.71,4.27,1.9,3.44,2.73,10.28,71.6
1-Jan-09,11.33,63.19,18974535,211341.48,177990.17,155038.55,4.72,4.28,1.9,3.12,2.3,10.35,71.22
1-Feb-09,11.26,63.15,18967810,204158.71,171605.81,149447.38,4.85,4.46,1.9,3.45,2.48,10.41,70.8
1-Mar-09,11.18,63.11,18961085,196975.94,165221.45,143856.21,4.97,4.63,1.9,3.77,2.67,10.46,70.37
1-Apr-09,11.11,63.08,18954360,189793.17,158837.1,138265.04,5.09,4.81,1.9,4.09,2.85,10.52,69.95
1-May-09,11.04,63.04,18947635,182610.4,152452.74,132673.87,5.22,4.99,1.9,4.42,3.04,10.57,69.53
1-Jun-09,10.96,63,18940910,175427.63,146068.38,127082.7,5.34,5.17,1.9,4.74,3.23,10.63,69.11
1-Jul-09,10.89,62.96,18934185,168244.86,139684.02,121491.52,5.46,5.34,1.9,5.06,3.41,10.68,68.68
1-Aug-09,10.82,62.93,18927460,161062.09,133299.67,115900.35,5.58,5.52,1.9,5.38,3.6,10.74,68.26
1-Sep-09,10.74,62.89,18920735,153879.32,126915.31,110309.18,5.71,5.7,1.9,5.71,3.79,10.79,67.84
1-Oct-09,10.67,62.85,18914010,146696.55,120530.95,104718.01,5.83,5.88,1.9,6.03,3.97,10.85,67.42
1-Nov-09,10.6,62.81,18907285,139513.78,114146.6,99126.84,5.95,6.05,1.9,6.35,4.16,10.9,66.99
1-Dec-09,10.52,62.78,18900560,132331.01,107762.24,93535.67,6.08,6.23,1.9,6.68,4.34,10.96,66.57
1-Jan-10,10.41,62.82,18929434.15,117965.45,94993.51,82353.3,6.2,6.44,1.84,6.75,4.39,11.13,66.19
1-Feb-10,10.38,62.91,18965033.31,110782.67,88609.13,76762.11,6.2,6.47,1.78,6.51,4.26,11.25,66.23
1-Mar-10,10.34,62.99,19000632.46,103599.88,82224.76,71170.92,6.2,6.5,1.72,6.26,4.12,11.37,66.27
1-Apr-10,10.31,63.07,19036231.62,96417.09,75840.38,65579.73,6.2,6.53,1.66,6.02,3.98,11.49,66.31
1-May-10,10.27,63.16,19071830.77,89234.3,69456.01,59988.54,6.2,6.56,1.6,5.77,3.85,11.61,66.35
1-Jun-10,10.24,63.24,19107429.92,82051.51,63071.63,54397.34,6.2,6.59,1.54,5.52,3.71,11.73,66.39
1-Jul-10,10.2,63.32,19143029.08,74868.73,56687.25,48806.15,6.2,6.61,1.47,5.28,3.57,11.84,66.43
1-Aug-10,10.16,63.41,19178628.23,67685.94,50302.88,43214.96,6.2,6.64,1.41,5.03,3.43,11.96,66.47
1-Sep-10,10.13,63.49,19214227.38,60503.15,43918.5,37623.77,6.2,6.67,1.35,4.78,3.3,12.08,66.51
1-Oct-10,10.09,63.57,19249826.54,53320.36,37534.13,32032.58,6.2,6.7,1.29,4.54,3.16,12.2,66.55
1-Nov-10,10.06,63.66,19285425.69,46137.58,31149.75,26441.38,6.2,6.73,1.23,4.29,3.02,12.32,66.59
1-Dec-10,10.02,63.74,19321024.85,38954.79,24765.38,20850.19,6.2,6.76,1.17,4.05,2.89,12.44,66.63
1-Jan-11,9.94,63.83,19417660.15,37592.16,21280.89,17482.12,6.18,6.77,1.11,3.84,2.85,12.63,66.72
1-Feb-11,9.9,63.84,19478696.31,43412.31,24180.78,19705.25,6.17,6.75,1.11,3.88,2.95,12.7,66.77
1-Mar-11,9.86,63.85,19539732.46,49232.47,27080.68,21928.37,6.15,6.72,1.11,3.92,3.04,12.77,66.82
1-Apr-11,9.82,63.86,19600768.62,55052.62,29980.57,24151.5,6.14,6.7,1.11,3.95,3.14,12.84,66.87
1-May-11,9.78,63.87,19661804.77,60872.78,32880.46,26374.62,6.12,6.68,1.11,3.99,3.24,12.91,66.92
1-Jun-11,9.74,63.88,19722840.92,66692.94,35780.35,28597.75,6.11,6.66,1.11,4.03,3.34,12.98,66.97
1-Jul-11,9.7,63.89,19783877.08,72513.09,38680.24,30820.87,6.09,6.63,1.11,4.07,3.43,13.06,67.02
1-Aug-11,9.66,63.9,19844913.23,78333.25,41580.14,33043.99,6.08,6.61,1.11,4.11,3.53,13.13,67.07
1-Sep-11,9.62,63.91,19905949.38,84153.41,44480.03,35267.12,6.06,6.59,1.11,4.15,3.63,13.2,67.12
1-Oct-11,9.58,63.92,19966985.54,89973.56,47379.92,37490.24,6.05,6.57,1.11,4.18,3.73,13.27,67.17
1-Nov-11,9.54,63.93,20028021.69,95793.72,50279.81,39713.37,6.03,6.54,1.11,4.22,3.82,13.34,67.22
1-Dec-11,9.5,63.94,20089057.85,101613.87,53179.7,41936.49,6.02,6.52,1.11,4.26,3.92,13.41,67.27
1-Jan-12,9.43,63.91,20160443.15,113254.18,58979.47,46382.72,5.97,6.49,1.11,4.62,4.32,13.83,67.39
1-Feb-12,9.39,63.86,20170792.31,119074.33,61879.35,48605.83,5.94,6.47,1.11,4.93,4.63,14.19,67.46
1-Mar-12,9.36,63.82,20181141.46,124894.48,64779.23,50828.94,5.91,6.46,1.11,5.25,4.93,14.54,67.53
1-Apr-12,9.32,63.78,20191490.62,130714.64,67679.1,53052.04,5.88,6.45,1.11,5.56,5.24,14.9,67.61
1-May-12,9.29,63.73,20201839.77,136534.79,70578.98,55275.15,5.85,6.43,1.11,5.88,5.54,15.25,67.68
1-Jun-12,9.26,63.69,20212188.92,142354.94,73478.86,57498.25,5.82,6.42,1.11,6.19,5.84,15.6,67.75
1-Jul-12,9.22,63.65,20222538.08,148175.09,76378.74,59721.36,5.78,6.41,1.11,6.51,6.15,15.96,67.82
1-Aug-12,9.19,63.61,20232887.23,153995.24,79278.61,61944.47,5.75,6.4,1.11,6.82,6.45,16.31,67.89
1-Sep-12,9.16,63.56,20243236.38,159815.39,82178.49,64167.57,5.72,6.38,1.11,7.14,6.75,16.66,67.96
1-Oct-12,9.12,63.52,20253585.54,165635.55,85078.37,66390.68,5.69,6.37,1.11,7.45,7.06,17.02,68.04
1-Nov-12,9.09,63.48,20263934.69,171455.7,87978.25,68613.79,5.66,6.36,1.11,7.77,7.36,17.37,68.11
1-Dec-12,9.05,63.43,20274283.85,177275.85,90878.12,70836.89,5.63,6.34,1.11,8.08,7.67,17.73,68.18
1-Jan-13,8.98,63.4,20340133.46,182567.08,96065.46,75924.77,5.55,6.23,1.11,8.4,7.95,18.24,68.29
1-Feb-13,8.95,63.42,20395633.92,182038.15,98352.92,78789.54,5.51,6.14,1.11,8.4,7.94,18.4,68.33
1-Mar-13,8.91,63.43,20451134.38,181509.23,100640.38,81654.31,5.46,6.04,1.11,8.4,7.92,18.56,68.38
1-Apr-13,8.88,63.44,20506634.85,180980.31,102927.85,84519.08,5.42,5.95,1.11,8.4,7.91,18.73,68.42
1-May-13,8.84,63.46,20562135.31,180451.38,105215.31,87383.85,5.37,5.85,1.11,8.4,7.89,18.89,68.46
1-Jun-13,8.81,63.47,20617635.77,179922.46,107502.77,90248.62,5.32,5.76,1.11,8.4,7.87,19.05,68.5
1-Jul-13,8.77,63.48,20673136.23,179393.54,109790.23,93113.38,5.28,5.66,1.11,8.4,7.86,19.21,68.55
1-Aug-13,8.73,63.5,20728636.69,178864.62,112077.69,95978.15,5.23,5.57,1.11,8.4,7.84,19.37,68.59
1-Sep-13,8.7,63.51,20784137.15,178335.69,114365.15,98842.92,5.18,5.47,1.11,8.4,7.82,19.53,68.63
1-Oct-13,8.66,63.52,20839637.62,177806.77,116652.62,101707.69,5.14,5.38,1.11,8.4,7.81,19.7,68.67
1-Nov-13,8.63,63.54,20895138.08,177277.85,118940.08,104572.46,5.09,5.28,1.11,8.4,7.79,19.86,68.72
1-Dec-13,8.59,63.55,20950638.54,176748.92,121227.54,107437.23,5.05,5.19,1.11,8.4,7.78,20.02,68.76
1-Jan-14,8.56,63.54,20973848,177298.62,123793.15,111893.69,4.99,5.09,1.11,8.02,7.47,19.96,68.85
1-Feb-14,8.56,63.51,20941557,178377.23,124071.31,113485.38,4.98,5.08,1.11,7.63,7.17,19.74,68.91
1-Mar-14,8.56,63.48,20909266,179455.85,124349.46,115077.08,4.98,5.08,1.11,7.25,6.88,19.52,68.96
1-Apr-14,8.56,63.46,20876975,180534.46,124627.62,116668.77,4.97,5.08,1.11,6.86,6.58,19.31,69.02
1-May-14,8.56,63.43,20844684,181613.08,124905.77,118260.46,4.96,5.07,1.11,6.48,6.29,19.09,69.07
1-Jun-14,8.56,63.4,20812393,182691.69,125183.92,119852.15,4.95,5.07,1.11,6.09,5.99,18.87,69.12
1-Jul-14,8.56,63.37,20780102,183770.31,125462.08,121443.85,4.95,5.07,1.11,5.71,5.7,18.65,69.18
1-Aug-14,8.56,63.35,20747811,184848.92,125740.23,123035.54,4.94,5.07,1.11,5.32,5.4,18.43,69.23
1-Sep-14,8.56,63.32,20715520,185927.54,126018.38,124627.23,4.93,5.06,1.11,4.94,5.11,18.21,69.28
1-Oct-14,8.56,63.29,20683229,187006.15,126296.54,126218.92,4.92,5.06,1.11,4.55,4.81,18,69.34
1-Nov-14,8.56,63.26,20650938,188084.77,126574.69,127810.62,4.92,5.06,1.11,4.17,4.52,17.78,69.39
1-Dec-14,8.56,63.24,20618647,189163.38,126852.85,129402.31,4.91,5.05,1.11,3.78,4.22,17.56,69.45
1-Jan-15,8.57,63.16,20624013.15,190242,127516.54,130796.08,4.91,5.1,1.11,3.37,3.85,17.38,69.54
1-Feb-15,8.59,63.11,20661670.31,190242,127902.08,130598.15,4.92,5.14,1.11,3.34,3.78,17.43,69.58
1-Mar-15,8.6,63.06,20699327.46,190242,128287.62,130400.23,4.92,5.19,1.11,3.31,3.7,17.47,69.63
1-Apr-15,8.61,63,20736984.62,190242,128673.15,130202.31,4.93,5.24,1.11,3.28,3.62,17.52,69.67
1-May-15,8.63,62.95,20774641.77,190242,129058.69,130004.38,4.94,5.28,1.11,3.25,3.55,17.56,69.71
1-Jun-15,8.64,62.9,20812298.92,190242,129444.23,129806.46,4.95,5.33,1.11,3.22,3.47,17.6,69.75
1-Jul-15,8.65,62.85,20849956.08,190242,129829.77,129608.54,4.95,5.38,1.11,3.18,3.39,17.65,69.8
1-Aug-15,8.66,62.8,20887613.23,190242,130215.31,129410.62,4.96,5.43,1.11,3.15,3.31,17.69,69.84
1-Sep-15,8.68,62.75,20925270.38,190242,130600.85,129212.69,4.97,5.47,1.11,3.12,3.24,17.73,69.88
1-Oct-15,8.69,62.69,20962927.54,190242,130986.38,129014.77,4.98,5.52,1.11,3.09,3.16,17.78,69.92
1-Nov-15,8.7,62.64,21000584.69,190242,131371.92,128816.85,4.98,5.57,1.11,3.06,3.08,17.82,69.97
1-Dec-15,8.72,62.59,21038241.85,190242,131757.46,128618.92,4.99,5.61,1.11,3.03,3.01,17.87,70.01
1-Jan-16,8.7,62.65,21177060.85,181578.38,124462.62,119553,5.01,5.63,1.11,3.05,2.97,17.96,70.1
1-Feb-16,8.67,62.76,21278222.69,172914.77,116782.23,110685,5.02,5.61,1.11,3.09,3.01,18.02,70.15
1-Mar-16,8.64,62.87,21379384.54,164251.15,109101.85,101817,5.02,5.58,1.11,3.14,3.05,18.07,70.2
1-Apr-16,8.61,62.98,21480546.38,155587.54,101421.46,92949,5.03,5.56,1.11,3.18,3.09,18.13,70.25
1-May-16,8.59,63.09,21581708.23,146923.92,93741.08,84081,5.04,5.53,1.11,3.23,3.13,18.18,70.3
1-Jun-16,8.56,63.2,21682870.08,138260.31,86060.69,75213,5.05,5.51,1.11,3.28,3.17,18.24,70.35
1-Jul-16,8.53,63.31,21784031.92,129596.69,78380.31,66345,5.05,5.48,1.11,3.32,3.22,18.29,70.39
1-Aug-16,8.5,63.42,21885193.77,120933.08,70699.92,57477,5.06,5.46,1.11,3.37,3.26,18.35,70.44
1-Sep-16,8.47,63.53,21986355.62,112269.46,63019.54,48609,5.07,5.43,1.11,3.42,3.3,18.4,70.49
1-Oct-16,8.44,63.64,22087517.46,103605.85,55339.15,39741,5.08,5.41,1.11,3.46,3.34,18.46,70.54
1-Nov-16,8.41,63.75,22188679.31,94942.23,47658.77,30873,5.08,5.38,1.11,3.51,3.38,18.51,70.59
1-Dec-16,8.38,63.86,22289841.15,86278.62,39978.38,22005,5.09,5.36,1.11,3.55,3.42,18.57,70.64
1-Jan-17,8.35,63.92,22409242.92,75186,30320.62,12142,5.11,5.35,1.11,3.56,3.48,18.62,70.74
1-Feb-17,8.34,63.88,22427482.85,72757,28343.23,11147,5.12,5.38,1.11,3.52,3.51,18.62,70.78
1-Mar-17,8.33,63.83,22445722.77,70328,26365.85,10152,5.12,5.4,1.11,3.48,3.53,18.61,70.83
1-Apr-17,8.32,63.79,22463962.69,67899,24388.46,9157,5.13,5.43,1.11,3.45,3.55,18.61,70.88
1-May-17,8.3,63.74,22482202.62,65470,22411.08,8162,5.14,5.45,1.11,3.41,3.58,18.61,70.92
1-Jun-17,8.3,63.69,22500442.54,63041,20433.69,7167,5.15,5.48,1.11,3.37,3.6,18.61,70.97
1-Jul-17,8.28,63.65,22518682.46,60612,18456.31,6172,5.15,5.5,1.11,3.33,3.62,18.6,71.02
1-Aug-17,8.28,63.6,22536922.38,58183,16478.92,5177,5.16,5.53,1.11,3.29,3.64,18.6,71.07
1-Sep-17,8.26,63.55,22555162.31,55754,14501.54,4182,5.17,5.55,1.11,3.25,3.67,18.6,71.11
1-Oct-17,8.25,63.51,22573402.23,53325,12524.15,3187,5.18,5.58,1.11,3.22,3.69,18.6,71.16
1-Nov-17,8.24,63.46,22591642.15,50896,10546.77,2192,5.18,5.6,1.11,3.18,3.71,18.59,71.21
1-Dec-17,8.24,63.42,22609882.08,48467,8569.38,1197,5.19,5.63,1.11,3.14,3.74,18.59,71.25
1-Jan-18,8.2,63.52,22718609.92,50549.62,6551.15,410.31,5.18,5.6,1.11,3.07,3.68,18.61,71.36
1-Feb-18,8.18,63.67,22809097.85,55061.23,6510.31,618.62,5.17,5.55,1.11,3.04,3.61,18.63,71.41
1-Mar-18,8.15,63.83,22899585.77,59572.85,6469.46,826.92,5.15,5.5,1.11,3.01,3.53,18.65,71.47
1-Apr-18,8.13,63.98,22990073.69,64084.46,6428.62,1035.23,5.14,5.46,1.11,2.98,3.46,18.67,71.52
1-May-18,8.1,64.13,23080561.62,68596.08,6387.77,1243.54,5.12,5.41,1.11,2.95,3.38,18.69,71.58
1-Jun-18,8.08,64.28,23171049.54,73107.69,6346.92,1451.85,5.11,5.36,1.11,2.92,3.31,18.71,71.64
1-Jul-18,8.06,64.43,23261537.46,77619.31,6306.08,1660.15,5.09,5.31,1.11,2.88,3.23,18.73,71.69
1-Aug-18,8.03,64.59,23352025.38,82130.92,6265.23,1868.46,5.08,5.26,1.11,2.85,3.16,18.75,71.75
1-Sep-18,8.01,64.74,23442513.31,86642.54,6224.38,2076.77,5.06,5.21,1.11,2.82,3.08,18.77,71.81
1-Oct-18,7.98,64.89,23533001.23,91154.15,6183.54,2285.08,5.05,5.17,1.11,2.79,3.01,18.79,71.86
1-Nov-18,7.96,65.04,23623489.15,95665.77,6142.69,2493.38,5.03,5.12,1.11,2.76,2.93,18.81,71.92
1-Dec-18,7.93,65.19,23713977.08,100177.38,6101.85,2701.69,5.02,5.07,1.11,2.73,2.86,18.83,71.97
1-Jan-19,8,65.33,23835500.77,197474,51402.38,37243.77,4.45,4.44,1.11,2.62,2.7,18.89,72.03
1-Feb-19,8.09,65.32,23866536.54,290259,96743.77,71577.54,3.91,3.86,1.11,2.55,2.62,18.92,72.04
1-Mar-19,8.18,65.31,23897572.31,383044,142085.15,105911.31,3.36,3.28,1.11,2.47,2.54,18.96,72.04
1-Apr-19,8.27,65.3,23928608.08,475829,187426.54,140245.08,2.82,2.7,1.11,2.39,2.46,18.99,72.05
1-May-19,8.36,65.29,23959643.85,568614,232767.92,174578.85,2.27,2.12,1.11,2.32,2.38,19.03,72.05
1-Jun-19,8.45,65.28,23990679.62,661399,278109.31,208912.62,1.72,1.54,1.11,2.24,2.3,19.07,72.06
1-Jul-19,8.54,65.27,24021715.38,754184,323450.69,243246.38,1.18,0.96,1.11,2.16,2.23,19.1,72.06
1-Aug-19,8.63,65.26,24052751.15,846969,368792.08,277580.15,0.63,0.38,1.11,2.08,2.15,19.14,72.07
1-Sep-19,8.72,65.25,24083786.92,939754,414133.46,311913.92,0.08,-0.2,1.11,2.01,2.07,19.18,72.07
1-Oct-19,8.81,65.24,24114822.69,1032539,459474.85,346247.69,-0.46,-0.78,1.11,1.93,1.99,19.21,72.08
1-Nov-19,8.9,65.23,24145858.46,1125324,504816.23,380581.46,-1.01,-1.36,1.11,1.85,1.91,19.25,72.08
1-Dec-19,8.99,65.22,24176894.23,1218109,550157.62,414915.23,-1.55,-1.94,1.11,1.78,1.83,19.28,72.09
1-Jan-20,9.11,65.19,24249137.54,1266586.54,554983.15,419893.31,-1.65,-2.04,1.13,1.72,1.74,19.34,72.12
1-Feb-20,9.13,65.16,24290345.08,1222279.08,514467.31,390537.62,-1.21,-1.56,1.14,1.73,1.73,19.36,72.15
1-Mar-20,9.15,65.14,24331552.62,1177971.62,473951.46,361181.92,-0.76,-1.08,1.16,1.75,1.73,19.38,72.17
1-Apr-20,9.17,65.11,24372760.15,1133664.15,433435.62,331826.23,-0.32,-0.59,1.18,1.76,1.72,19.4,72.2
1-May-20,9.19,65.09,24413967.69,1089356.69,392919.77,302470.54,0.13,-0.11,1.19,1.78,1.71,19.42,72.23
1-Jun-20,9.22,65.06,24455175.23,1045049.23,352403.92,273114.85,0.58,0.37,1.21,1.79,1.7,19.44,72.26
1-Jul-20,9.24,65.04,24496382.77,1000741.77,311888.08,243759.15,1.02,0.85,1.23,1.81,1.7,19.47,72.28
1-Aug-20,9.26,65.01,24537590.31,956434.31,271372.23,214403.46,1.47,1.33,1.25,1.82,1.69,19.49,72.31
1-Sep-20,9.28,64.99,24578797.85,912126.85,230856.38,185047.77,1.92,1.81,1.26,1.84,1.68,19.51,72.34
1-Oct-20,9.3,64.96,24620005.38,867819.38,190340.54,155692.08,2.36,2.3,1.28,1.85,1.67,19.53,72.37
1-Nov-20,9.33,64.94,24661212.92,823511.92,149824.69,126336.38,2.81,2.78,1.3,1.87,1.67,19.55,72.39
1-Dec-20,9.35,64.91,24702420.46,779204.46,109308.85,96980.69,3.25,3.26,1.31,1.88,1.66,19.57,72.42
1-Jan-21,9.29,64.99,24807823.85,700885.92,64087.69,62959.92,3.82,3.87,1.33,2.18,2.1,19.69,72.5
1-Feb-21,9.21,65.1,24872019.69,666874.85,59382.38,58294.85,3.95,4,1.33,2.45,2.54,19.78,72.55
1-Mar-21,9.13,65.2,24936215.54,632863.77,54677.08,53629.77,4.07,4.13,1.33,2.73,2.99,19.88,72.6
1-Apr-21,9.05,65.3,25000411.38,598852.69,49971.77,48964.69,4.19,4.27,1.33,3.01,3.43,19.97,72.66
1-May-21,8.97,65.41,25064607.23,564841.62,45266.46,44299.62,4.32,4.4,1.33,3.28,3.88,20.07,72.71
1-Jun-21,8.89,65.51,25128803.08,530830.54,40561.15,39634.54,4.44,4.53,1.33,3.56,4.33,20.17,72.76
1-Jul-21,8.81,65.61,25192998.92,496819.46,35855.85,34969.46,4.56,4.66,1.33,3.84,4.77,20.26,72.81
1-Aug-21,8.73,65.71,25257194.77,462808.38,31150.54,30304.38,4.68,4.79,1.33,4.12,5.22,20.36,72.86
1-Sep-21,8.65,65.82,25321390.62,428797.31,26445.23,25639.31,4.81,4.92,1.33,4.39,5.67,20.46,72.91
1-Oct-21,8.57,65.92,25385586.46,394786.23,21739.92,20974.23,4.93,5.06,1.33,4.67,6.11,20.55,72.97
1-Nov-21,8.49,66.02,25449782.31,360775.15,17034.62,16309.15,5.05,5.19,1.33,4.95,6.56,20.65,73.02
1-Dec-21,8.41,66.13,25513978.15,326764.08,12329.31,11644.08,5.18,5.32,1.33,5.22,7,20.74,73.07
1-Jan-22,8.33,66.23,25578174,292753,7624,6979,5.3,5.45,1.33,5.5,7.45,20.84,73.12
